1655208293.723145, -3.871424084472656, -0.16041151123046873, 9.284714038085937, -9.84732824427481, 30.580152671755727, -2.2519083969465647
1655208293.743332, -4.1563340820312495, -0.3711012573242187, 9.662997900390625, -6.847328244274809, 26.541984732824428, -3.8091603053435112
1655208293.7634425, -4.666299035644531, -0.4477157104492187, 9.945513696289062, -1.6793893129770991, 25.16030534351145, 2.3282442748091605
1655208293.7835186, -3.6248213134765623, -0.086191259765625, 8.94473740234375, 2.687022900763359, 28.770992366412212, -1.6870229007633588
1655208293.80359, -3.9695863525390624, 0.016759411621093748, 8.116343627929687, -1.6717557251908397, 42.20610687022901, -3.648854961832061
1655208293.8236723, -4.5968671875, -0.20350714111328125, 8.647856396484375, -11.534351145038167, 43.42748091603053, -1.618320610687023
1655208293.843745, -4.594472985839843, -0.36152445068359373, 9.579200842285156, -7.641221374045801, 33.89312977099237, -4.480916030534351
1655208293.863818, -5.329492895507812, -0.5123591552734374, 9.785102185058593, -4.152671755725191, 19.35114503816794, -4.32824427480916
1655208293.8838887, -5.9974751586914055, -0.40940848388671874, 9.550470422363281, 4.412213740458015, 16.053435114503817, 1.3358778625954197
1655208293.9039567, -5.123591552734375, -0.44532150878906246, 8.43956085205078, 6.854961832061068, 29.297709923664122, 2.9083969465648853
1655208293.9240322, -4.867411975097656, -0.076614453125, 7.829039428710937, -0.2824427480916031, 34.732824427480914, 3.8091603053435112
1655208293.9441266, -4.8123453369140625, -0.28012159423828126, 8.760383874511719, -5.572519083969466, 30.442748091603054, 1.381679389312977
1655208293.9642, -5.061342309570312, -0.4525041137695312, 9.0788126953125, -0.6183206106870229, 30.267175572519083, -0.1450381679389313
1655208293.9842677, -5.511452221679687, -0.3758896606445312, 9.2320416015625, 2.3206106870229006, 22.0381679389313, 0.9083969465648855
1655208294.0043387, -5.729324572753906, -0.08858546142578125, 8.346186987304687, 6.33587786259542, 30.541984732824428, 6.427480916030534
1655208294.0244162, -4.6998178588867185, -0.047884033203124995, 7.41244833984375, 2.8931297709923665, 41.93893129770992, 5.1679389312977095
1655208294.0445392, -4.733336682128906, -0.15322890625, 7.81467421875, -3.3053435114503817, 43.0763358778626, -0.7786259541984732
1655208294.064621, -5.772420202636718, -0.25139117431640623, 8.913612780761719, -3.0, 36.6412213740458, -1.1221374045801527
1655208294.0846841, -5.9208607055664055, -0.3280056274414062, 9.085995300292968, 3.2061068702290076, 17.14503816793893, -2.145038167938931
1655208294.1047556, -6.892906579589844, -0.2825157958984375, 8.066065393066406, 3.045801526717557, 12.007633587786259, 3.16793893129771
1655208294.1248524, -6.325480786132812, -0.22266075439453123, 7.845798840332031, -0.5877862595419847, 14.732824427480915, 7.061068702290076
1655208294.1449866, -5.432443566894531, -0.11252747802734374, 8.05648858642578, -0.25190839694656486, 19.00763358778626, 4.2748091603053435
1655208294.165064, -5.2433016357421875, -0.08140285644531249, 7.920019091796875, -0.6030534351145038, 17.022900763358777, -0.46564885496183206
1655208294.185141, -5.693411547851563, -0.1005564697265625, 7.6614453125, -5.152671755725191, 16.946564885496183, -1.450381679389313
1655208294.205209, -6.325480786132812, -0.28012159423828126, 8.736441857910156, -6.809160305343512, 9.98473282442748, 1.0916030534351144
1655208294.2252767, -6.026205578613281, -0.4070142822265625, 9.184157568359375, 0.9007633587786259, -4.1679389312977095, -0.20610687022900764
1655208294.2453558, -5.693411547851563, -0.12210428466796874, 8.022969763183593, 6.465648854961832, -3.3053435114503817, 0.17557251908396945
1655208294.2654426, -5.5832782714843745, -0.02154781494140625, 7.326257080078125, 3.5572519083969465, -1.6488549618320612, -0.9007633587786259
1655208294.285523, -5.659892724609374, -0.14125789794921875, 7.802703210449218, -4.351145038167939, -2.6564885496183206, -2.213740458015267
1655208294.3056011, -6.059724401855468, -0.19871873779296872, 8.513781103515624, -2.6412213740458017, -7.022900763358779, -1.8244274809160306
1655208294.325756, -5.97592734375, -0.316034619140625, 8.588001354980468, 1.7557251908396947, -19.450381679389313, -2.5114503816793894
1655208294.3458245, -6.2009822998046875, -0.09576806640624999, 8.111555224609374, 5.763358778625954, -12.381679389312977, -0.22137404580152673
1655208294.3659222, -5.7077767578125, -0.0430956298828125, 7.714117749023437, 3.8625954198473282, -4.412213740458015, -0.2900763358778626
1655208294.3859975, -5.530605834960937, -0.033518823242187495, 7.991845141601562, -1.3893129770992367, -4.625954198473282, -2.3206106870229006
1655208294.4060698, -5.5545478515625, -0.2920926025390625, 8.360552197265624, -1.5725190839694656, -0.19083969465648856, -2.351145038167939
1655208294.4261382, -5.894524487304687, -0.1292868896484375, 8.686163623046875, 2.0763358778625953, -6.152671755725191, -0.7480916030534351
1655208294.4462118, -5.626373901367187, -0.2561795776367187, 8.319850769042969, 2.0763358778625953, -12.946564885496183, -1.5725190839694656
1655208294.4662797, -5.410895751953125, -0.00718260498046875, 8.449137658691406, 1.381679389312977, -13.86259541984733, -2.5572519083969465
1655208294.4863498, -5.487510205078125, -0.047884033203124995, 8.501810095214843, 3.49618320610687, -22.236641221374047, -3.763358778625954
1655208294.506441, -5.887341882324218, -0.18914193115234373, 8.489839086914062, 2.236641221374046, -33.099236641221374, -2.9160305343511452
1655208294.5265148, -6.335057592773437, -0.21787235107421873, 9.052476477050782, 2.786259541984733, -42.18320610687023, 0.061068702290076333
1655208294.5465953, -5.379771130371093, -0.23702596435546874, 8.80347950439453, 6.900763358778626, -55.41984732824427, -2.4427480916030535
1655208294.5666647, -5.849034655761718, 0.0047884033203125, 8.67658681640625, 9.022900763358779, -57.091603053435115, 0.33587786259541985
1655208294.586731, -5.353434912109375, 0.031124621582031248, 8.152256652832031, 6.587786259541985, -41.534351145038165, 3.6717557251908395
1655208294.6067958, -4.218583325195312, -0.055066638183593745, 8.374917407226562, 0.7862595419847328, -34.770992366412216, 0.6870229007633588
1655208294.6268778, -4.189852905273438, -0.028730419921875, 9.179369165039063, -1.0534351145038168, -50.97709923664122, -5.0534351145038165
1655208294.6469502, -4.8314989501953125, -0.105344873046875, 9.72285294189453, 0.20610687022900764, -74.22137404580153, -7.022900763358779
1655208294.6670315, -4.707000463867187, -0.11731588134765625, 9.303867651367186, 3.3282442748091605, -75.54198473282443, -3.9236641221374047
1655208294.6871119, -4.173093493652344, -0.03591302490234375, 9.203311181640624, 6.847328244274809, -63.10687022900763, -3.2977099236641223
1655208294.7071786, -3.7517140014648436, 0.08379705810546874, 9.172186560058593, 6.442748091603053, -48.55725190839695, -2.954198473282443
1655208294.7272513, -3.749319799804687, 0.08140285644531249, 9.239224206542968, 6.282442748091603, -50.900763358778626, -4.297709923664122
1655208294.7474122, -4.012681982421875, 0.08379705810546874, 8.9255837890625, 5.633587786259542, -49.42748091603053, -2.33587786259542
1655208294.7674866, -3.7924154296875, 0.02154781494140625, 9.792284790039062, -2.213740458015267, -56.63358778625954, -1.7709923664122138
1655208294.7875612, -3.423708374023437, 0.033518823242187495, 10.153809240722655, -0.37404580152671757, -61.99236641221374, -2.0763358778625953
1655208294.807646, -3.0119056884765625, -0.2346317626953125, 10.632649572753905, 4.748091603053435, -80.61068702290076, -6.3893129770992365
1655208294.8277183, -2.8898014038085935, 0.023942016601562498, 9.811438403320311, 11.564885496183207, -82.07633587786259, -6.129770992366412
1655208294.8478599, -2.205059729003906, 0.1149216796875, 8.98304462890625, 2.9770992366412212, -75.55725190839695, -6.679389312977099
1655208294.8679368, -2.1906945190429687, 0.22026655273437498, 9.447519750976562, -3.687022900763359, -70.05343511450381, -5.9465648854961835
1655208294.888048, -2.389413256835937, 0.00718260498046875, 10.096348400878906, -2.8702290076335877, -61.52671755725191, -4.236641221374046
1655208294.9081235, -1.8435352783203125, 0.16998831787109375, 10.153809240722655, -1.0458015267175573, -59.83206106870229, -7.091603053435114
1655208294.9285536, -2.3295582153320313, -0.1197100830078125, 10.419565624999999, -4.152671755725191, -67.3587786259542, -4.656488549618321
1655208294.9486787, -1.908178723144531, -0.05027823486328125, 10.807426293945312, -1.8549618320610688, -61.20610687022901, -1.1450381679389312
1655208294.9687567, -0.8116343627929687, -0.1292868896484375, 10.884040747070312, 0.16030534351145037, -50.99236641221374, -1.8778625954198473
1655208294.9888368, -0.09337386474609374, 0.28969840087890625, 10.110713610839843, 13.34351145038168, -46.38167938931298, -6.526717557251908
1655208295.008911, -0.46686932373046874, 0.373495458984375, 9.03332286376953, 7.259541984732825, -55.70229007633588, -7.343511450381679
1655208295.0289905, -0.5339069702148437, 0.34715924072265625, 8.506598498535157, -9.106870229007633, -63.33587786259542, -7.229007633587786
1655208295.0491033, -0.19871873779296872, 0.16759411621093748, 9.284714038085937, -21.763358778625953, -46.961832061068705, -6.549618320610687
1655208295.0692153, -0.33518823242187495, -0.1149216796875, 10.77630167236328, -23.427480916030536, -25.595419847328245, -0.3893129770992366
1655208295.089298, -0.21308394775390624, -0.3711012573242187, 11.5304751953125, -7.221374045801527, -31.9618320610687, -0.916030534351145
1655208295.1093714, -0.7326257080078125, -0.28969840087890625, 11.396399902343749, 0.015267175572519083, -37.66412213740458, 1.8702290076335877
1655208295.1294372, 0.1388636962890625, 0.0143652099609375, 10.429142431640624, 1.3053435114503817, -40.79389312977099, 0.5877862595419847
1655208295.1495485, 0.6536170532226562, 0.45489831542968745, 9.883264453125, -6.32824427480916, -45.12213740458015, -4.099236641221374
1655208295.169629, 0.4644751220703125, -0.00718260498046875, 10.781090075683593, -14.534351145038167, -39.67175572519084, -5.9465648854961835
1655208295.1897016, -0.1771709228515625, -0.1388636962890625, 11.336544860839844, 0.7709923664122137, -25.755725190839694, -2.4885496183206106
1655208295.2097406, -0.15562310791015624, -0.047884033203124995, 9.732429748535155, 8.473282442748092, -24.083969465648856, 2.2519083969465647
1655208295.2297757, 1.1252747802734375, 0.44532150878906246, 8.923189587402343, 1.9312977099236641, -22.0381679389313, -0.15267175572519084
1655208295.2498844, 1.3407529296874998, 0.031124621582031248, 9.342174877929686, -12.732824427480915, -10.213740458015268, -0.4732824427480916
1655208295.2699206, 0.9193734375, -0.11252747802734374, 10.28549033203125, -17.045801526717558, 6.145038167938932, 3.549618320610687
1655208295.28999, 1.0678139404296874, -0.3758896606445312, 11.391611499023437, -10.374045801526718, 13.931297709923664, 1.6793893129770991
1655208295.3100598, 0.2753331909179687, -0.39983167724609375, 11.611878051757811, 0.13740458015267176, -1.9694656488549618, 1.2748091603053435
1655208295.3301365, 0.8954314208984374, -0.35194764404296874, 10.639832177734375, 6.00763358778626, -14.435114503816793, -0.32061068702290074
1655208295.3502483, 0.9409212524414062, -0.28969840087890625, 10.034099157714843, 3.7022900763358777, -13.51908396946565, -2.236641221374046
1655208295.3703215, 0.7948749511718749, -0.15322890625, 9.950302099609374, -3.3053435114503817, -6.526717557251908, -1.633587786259542
1655208295.3903975, 0.8571241943359375, -0.19153613281249998, 10.122684619140625, -2.6793893129770994, -0.4122137404580153, -0.5725190839694656
1655208295.4104712, 0.5626373901367188, -0.0047884033203125, 10.026916552734374, -2.213740458015267, 2.5877862595419847, 1.7709923664122138
1655208295.4305408, 1.1037269653320312, -0.16759411621093748, 10.108319409179687, -6.038167938931298, 0.5038167938931297, -0.7404580152671756
1655208295.4506843, 1.20667763671875, -0.11731588134765625, 10.333374365234375, -9.259541984732824, 4.030534351145038, -1.083969465648855
1655208295.4707594, 0.8092401611328125, -0.29448680419921874, 11.159373937988281, -4.824427480916031, -2.2977099236641223, -0.6641221374045801
1655208295.4908314, 0.8259995727539062, -0.25139117431640623, 10.723629235839843, 0.44274809160305345, -0.9923664122137404, -0.22900763358778625
1655208295.5109086, 0.584185205078125, -0.11252747802734374, 10.122684619140625, -2.5267175572519083, -9.740458015267176, 0.8702290076335878
1655208295.5309775, 0.6392518432617187, 0.076614453125, 9.81862100830078, -8.213740458015268, -7.32824427480916, 4.1603053435114505
1655208295.551082, 1.1228805786132812, -0.1484405029296875, 10.002974536132811, -15.335877862595419, -10.557251908396946, 3.4656488549618323
1655208295.5711577, 1.20667763671875, -0.36631285400390623, 11.06360587158203, -17.412213740458014, -18.282442748091604, 0.03816793893129771
1655208295.5912285, 0.1149216796875, -0.46686932373046874, 11.204863769531249, -14.183206106870228, -29.69465648854962, 4.297709923664122
1655208295.6112814, 0.5291185668945312, -0.5626373901367188, 11.243170996093749, -12.114503816793894, -38.70229007633588, 7.877862595419847
1655208295.6313584, 2.3965958618164063, -0.6416460449218749, 10.93671318359375, -7.267175572519084, -41.603053435114504, -0.4198473282442748
1655208295.6514812, 2.2098481323242187, -0.6272808349609375, 10.517727893066406, -6.015267175572519, -43.091603053435115, -6.137404580152672
1655208295.6715584, 1.467645617675781, -0.40940848388671874, 10.192116467285155, -8.603053435114504, -49.64885496183206, -5.4961832061068705
1655208295.6916409, 1.5155296508789062, -0.4333505004882812, 10.062829577636718, -6.129770992366412, -64.70992366412214, -4.396946564885496
1655208295.711722, 3.1100679565429687, -0.13168109130859373, 9.200916979980468, -2.2748091603053435, -40.18320610687023, -8.16793893129771
1655208295.7317944, 1.2018892333984375, -0.04548983154296875, 8.896853369140624, -10.450381679389313, -29.259541984732824, 3.450381679389313
1655208295.7518704, 1.8459294799804686, -0.55545478515625, 9.1554271484375, -26.53435114503817, -20.541984732824428, 9.641221374045802
1655208295.7719443, 3.299209887695312, -1.0295067138671874, 10.9175595703125, -29.480916030534353, -38.458015267175576, -1.5877862595419847
1655208295.7920532, 2.7940333374023436, -1.0486603271484374, 12.258312499999999, -13.229007633587786, -56.97709923664122, -11.076335877862595
1655208295.812128, 1.7860744384765623, -1.2042834350585936, 10.915165368652342, 9.297709923664122, -48.038167938931295, -7.679389312977099
1655208295.8322027, 2.741360900878906, -1.0438719238281249, 9.382876306152344, 5.4961832061068705, -37.847328244274806, -1.1221374045801527
1655208295.8523097, 3.0047230834960934, -0.699106884765625, 9.572018237304688, -1.7328244274809161, -48.45038167938932, -2.0839694656488548
1655208295.8723855, 2.806004345703125, -0.9457096557617187, 10.117896215820313, -7.778625954198473, -50.12213740458015, -3.8931297709923665
1655208295.8924596, 4.977545251464844, -1.0989385620117187, 11.671733093261718, 2.786259541984733, -66.25190839694656, -17.66412213740458
1655208295.912527, 2.863465185546875, -0.9193734375, 10.565611926269531, 24.49618320610687, -61.13740458015267, -15.297709923664122
1655208295.9325967, 3.1699229980468746, -0.507570751953125, 8.607154968261717, 24.84732824427481, -43.6793893129771, -3.3282442748091605
1655208295.952704, 3.995922570800781, -0.29927520751953124, 7.881711865234375, 6.9541984732824424, -40.11450381679389, -2.885496183206107
1655208295.972778, 3.438073583984375, -0.040701428222656245, 8.743624462890624, -5.1679389312977095, -53.0, -1.7786259541984732
1655208295.992843, 3.749319799804687, -0.2609679809570312, 9.397241516113281, -5.244274809160306, -56.18320610687023, 1.6030534351145038
1655208296.0129144, 3.5410242553710933, -0.4955997436523437, 9.991003527832031, 2.7709923664122136, -46.900763358778626, 7.343511450381679
1655208296.0330107, 5.671863732910156, -0.6536170532226562, 10.115502014160155, 7.3816793893129775, -51.25954198473283, -3.5801526717557253
1655208296.0530849, 4.599261389160156, -0.1771709228515625, 8.95670841064453, 11.045801526717558, -61.74045801526717, -7.3893129770992365
1655208296.0731952, 5.592855078125, -0.201112939453125, 8.374917407226562, 2.3282442748091605, -72.31297709923665, -11.786259541984732
1655208296.0932674, 4.745307690429687, -0.37828386230468747, 8.738836059570312, -4.770992366412214, -66.98473282442748, -12.740458015267176
1655208296.1136122, 4.857835168457031, -0.4333505004882812, 9.804255798339844, -0.9312977099236641, -54.595419847328245, -6.977099236641221
1655208296.1336944, 4.929661218261718, -0.4740519287109375, 9.255983618164063, 6.977099236641221, -47.19847328244275, -1.6793893129770991
1655208296.1537623, 6.792350109863281, -0.5267243652343749, 8.904035974121093, 4.068702290076335, -50.603053435114504, -10.80916030534351
1655208296.173869, 5.839457849121094, -0.4740519287109375, 8.844180932617187, 2.4580152671755724, -76.08396946564885, -16.946564885496183
1655208296.194067, 6.119579443359375, -0.2442085693359375, 8.20971749267578, -2.0839694656488548, -67.07633587786259, -18.549618320610687
1655208296.2142847, 5.422866760253906, -0.10773907470703124, 8.259995727539062, -1.6717557251908397, -53.412213740458014, -9.992366412213741
1655208296.2344215, 4.453215087890625, -0.40940848388671874, 10.20169327392578, 0.9694656488549618, -78.5114503816794, -3.015267175572519
1655208296.2545037, 7.113173132324218, -0.1197100830078125, 7.407659936523437, 4.526717557251908, -55.847328244274806, -6.938931297709924
1655208296.2747188, 6.871358764648437, -0.06943184814453125, 7.812280017089844, -4.465648854961832, -53.7557251908397, -7.282442748091603
1655208296.2949157, 6.7037646484375, -0.0526724365234375, 7.503428002929687, 0.16793893129770993, -36.30534351145038, -3.854961832061069
1655208296.31508, 7.445967163085937, -0.033518823242187495, 7.738059765625, -2.236641221374046, -26.404580152671755, -7.290076335877862
1655208296.3351648, 6.636727001953124, -0.2825157958984375, 8.451531860351562, 1.8854961832061068, -41.778625954198475, -7.66412213740458
1655208296.3552878, 6.517016918945312, -0.16998831787109375, 7.838616235351562, 6.519083969465649, -40.81679389312977, -2.9618320610687023
1655208296.375366, 6.974309436035155, -0.07422025146484375, 7.015010864257812, 2.9236641221374047, -15.50381679389313, 0.5190839694656488
1655208296.3954341, 6.974309436035155, 0.00239420166015625, 6.938396411132812, -1.9694656488549618, 8.389312977099237, 8.13740458015267
1655208296.4155552, 7.580042456054687, -0.22266075439453123, 7.838616235351562, -2.5419847328244276, 8.916030534351146, 6.198473282442748
1655208296.435647, 7.029376074218749, -0.24181436767578124, 8.188169677734374, 1.1526717557251909, -10.17557251908397, 3.786259541984733
1655208296.4557383, 7.017405065917968, -0.258573779296875, 7.881711865234375, 4.396946564885496, -25.206106870229007, 2.0916030534351147
1655208296.4758592, 7.316680273437499, -0.201112939453125, 7.074865905761718, -0.09923664122137404, -34.83206106870229, 2.6793893129770994
1655208296.4958777, 8.099584216308592, -0.17477672119140625, 7.692569934082031, -4.923664122137405, -14.030534351145038, 5.442748091603053
1655208296.5159428, 8.092401611328125, -0.28490999755859375, 8.264784130859374, 1.900763358778626, -10.435114503816793, 4.137404580152672
1655208296.5360103, 8.197746484375, -0.239420166015625, 7.704540942382812, 5.076335877862595, -30.50381679389313, -4.702290076335878
1655208296.556083, 7.6614453125, -0.18914193115234373, 7.388506323242187, 4.366412213740458, -55.541984732824424, -7.427480916030534
1655208296.5762546, 7.721300354003906, 0.06464344482421874, 6.5385647338867185, 3.183206106870229, -38.656488549618324, -5.030534351145038
1655208296.596312, 6.775590698242187, 0.2537853759765625, 5.693411547851563, 0.8702290076335878, 4.297709923664122, 6.916030534351145
1655208296.6164112, 7.395688928222656, 0.105344873046875, 5.853823059082031, -12.374045801526718, 14.725190839694656, 11.595419847328245
1655208296.6364849, 7.845798840332031, -0.17238251953125, 6.785167504882812, -20.022900763358777, -5.633587786259542, 5.8396946564885495
1655208296.656555, 8.113949426269532, -0.5363011718749999, 8.264784130859374, -14.572519083969466, -18.893129770992367, -0.26717557251908397
1655208296.6766624, 7.994239343261718, -0.6105214233398437, 7.948749511718749, -2.7251908396946565, -16.83206106870229, -0.7709923664122137
1655208296.696726, 7.829039428710937, -0.23702596435546874, 7.208941198730468, 3.4885496183206106, -17.49618320610687, 0.35877862595419846
1655208296.7167878, 7.915230688476562, -0.016759411621093748, 6.1650692749023435, 3.3206106870229006, -11.419847328244275, 1.549618320610687
1655208296.736859, 8.341398583984375, -0.0383072265625, 5.882553479003906, -4.778625954198473, -3.4732824427480917, -0.13740458015267176
1655208296.7569342, 7.975085729980468, -0.34237083740234375, 7.098807922363281, -7.923664122137405, -16.442748091603054, -6.877862595419847
1655208296.777036, 7.4962453979492185, -0.4860229370117187, 7.572859851074218, -4.0534351145038165, -23.435114503816795, -4.793893129770993
1655208296.7971041, 8.106766821289062, -0.25139117431640623, 7.520187414550781, 3.4427480916030535, -24.709923664122137, -3.0610687022900764
1655208296.8171766, 8.250418920898436, -0.1149216796875, 6.730100866699218, 7.435114503816794, -16.49618320610687, -3.450381679389313
1655208296.83724, 8.118737829589843, -0.0909796630859375, 6.2392895263671875, 3.015267175572519, -23.267175572519083, -5.0458015267175576
1655208296.857316, 8.231265307617187, -0.2920926025390625, 5.971138940429687, -4.022900763358779, -23.0, -4.938931297709924
1655208296.8774161, 8.145074047851562, -0.21787235107421873, 6.696582043457031, -2.1908396946564888, -23.198473282442748, -3.786259541984733
1655208296.8974845, 8.24802471923828, -0.062249243164062495, 6.222530114746093, 5.801526717557252, -2.7938931297709924, -2.0916030534351147
1655208296.9175534, 8.20971749267578, -0.05985504150390625, 5.439626171875, 3.801526717557252, 9.022900763358779, -0.4732824427480916
1655208296.9376276, 8.137891442871092, -0.1867477294921875, 6.1818286865234375, -9.549618320610687, -2.854961832061069, -1.3969465648854962
1655208296.9576955, 8.190563879394531, -0.239420166015625, 7.184999182128906, -6.854961832061068, -10.01526717557252, -1.5267175572519085
1655208296.9778018, 8.619125976562499, -0.38786066894531246, 7.45075556640625, -0.17557251908396945, -17.85496183206107, -3.0381679389312977
1655208296.9978764, 8.619125976562499, -0.02633621826171875, 6.888118176269531, 8.870229007633588, -11.900763358778626, -3.6030534351145036
1655208297.0179458, 8.21690009765625, 0.11731588134765625, 5.341463903808593, 9.931297709923664, 8.98473282442748, -2.435114503816794
1655208297.0380118, 7.831433630371094, 0.01915361328125, 4.876988781738281, -1.6717557251908397, 29.015267175572518, 3.877862595419847
1655208297.058076, 8.226476904296874, -0.03591302490234375, 5.870582470703124, -8.435114503816793, 42.343511450381676, 6.251908396946565
1655208297.078165, 7.843404638671874, 0.011971008300781249, 6.339845996093749, -3.9083969465648853, 73.54961832061069, 9.717557251908397
1655208297.098226, 7.876923461914062, -0.1292868896484375, 6.6319385986328125, 4.122137404580153, 85.34351145038168, 12.893129770992367
1655208297.1182842, 7.943961108398437, -0.36631285400390623, 6.947973217773437, 1.2442748091603053, 57.458015267175576, 10.389312977099237
1655208297.1383505, 8.28633194580078, -0.5386953735351562, 7.807491613769531, -6.259541984732825, 26.27480916030534, 2.763358778625954
1655208297.1584144, 7.709329345703124, -0.239420166015625, 8.204929089355469, 3.633587786259542, 41.267175572519086, 2.5801526717557253
1655208297.1785154, 7.237671618652343, -0.1005564697265625, 7.520187414550781, 15.282442748091603, 65.82442748091603, 6.4961832061068705
1655208297.1985776, 6.696582043457031, -0.36631285400390623, 7.297526660156249, 10.82442748091603, 61.587786259541986, 12.099236641221374
1655208297.218642, 7.596801867675781, -0.4572925170898437, 7.436390356445312, 1.1526717557251909, 58.55725190839695, 10.885496183206106
1655208297.2387023, 7.733271362304687, -0.258573779296875, 7.920019091796875, 2.3282442748091605, 61.091603053435115, 5.3893129770992365
1655208297.2587621, 7.357381701660156, -0.21787235107421873, 7.781155395507812, 4.587786259541985, 69.67175572519083, 1.9694656488549618
1655208297.278861, 7.041347082519531, -0.3280056274414062, 8.212111694335936, 3.7557251908396947, 83.06870229007633, 7.3893129770992365
1655208297.2988892, 6.5768719604492185, -0.2609679809570312, 8.341398583984375, 8.946564885496183, 88.66412213740458, 13.16030534351145
1655208297.3192313, 6.227318518066406, -0.16998831787109375, 8.109161022949218, 9.419847328244275, 93.01526717557252, 14.083969465648854
1655208297.339301, 5.9017070922851556, -0.1580173095703125, 8.494627490234375, 1.702290076335878, 68.1526717557252, 9.870229007633588
1655208297.3593566, 5.947196923828125, 0.031124621582031248, 8.24802471923828, -4.526717557251908, 43.54961832061068, 4.290076335877862
1655208297.3794594, 5.386953735351562, -0.086191259765625, 8.051700183105469, -5.938931297709924, 46.9236641221374, 6.595419847328245
1655208297.3995228, 5.070919116210937, -0.18435352783203124, 7.943961108398437, -9.67175572519084, 75.26717557251908, 16.65648854961832
1655208297.4195893, 4.953603234863281, -0.38307226562499996, 8.379705810546875, -15.236641221374045, 103.82442748091603, 27.091603053435115
1655208297.4396565, 5.585672473144531, -0.55545478515625, 9.105148913574219, -18.564885496183205, 105.38167938931298, 23.045801526717558
1655208297.4597232, 5.762843395996094, -0.6177040283203125, 9.708487731933593, -13.709923664122137, 83.00763358778626, 9.526717557251908
1655208297.4798224, 4.113238452148437, -0.7924807495117187, 10.077194787597655, -8.786259541984732, 57.83206106870229, 8.13740458015267
1655208297.49992, 3.785232824707031, -0.6248866333007812, 9.667786303710937, -7.061068702290076, 66.06870229007633, 13.16030534351145
1655208297.51998, 4.297591979980469, -0.7015010864257812, 9.411606726074218, -6.877862595419847, 90.55725190839695, 14.549618320610687
1655208297.5400443, 4.024652990722656, -0.8834604125976562, 9.756371765136718, -7.786259541984733, 82.82442748091603, 11.198473282442748
1655208297.5601046, 3.5793314819335937, -0.9888052856445312, 10.577582934570312, -5.0534351145038165, 59.62595419847328, 6.984732824427481
1655208297.580203, 3.4644098022460934, -0.8499415893554687, 10.51533369140625, 2.4198473282442747, 43.63358778625954, 3.5343511450381677
1655208297.600265, 2.7150246826171873, -0.5434837768554687, 9.394847314453125, 6.450381679389313, 55.2442748091603, 7.33587786259542
1655208297.6203218, 2.549824768066406, -0.6943184814453125, 9.126696728515624, 0.7480916030534351, 66.78625954198473, 14.099236641221374
1655208297.6403873, 2.9448680419921875, -0.7805097412109374, 10.105925207519531, -4.870229007633588, 61.16030534351145, 10.244274809160306
1655208297.660457, 3.1675287963867187, -0.9145850341796874, 10.342951171874999, -5.923664122137405, 33.45038167938932, 3.885496183206107
1655208297.6805494, 2.712630480957031, -0.9121908325195311, 10.460267053222656, -3.9389312977099236, 14.030534351145038, -2.931297709923664
1655208297.7006242, 2.437297290039062, -0.9696516723632812, 10.618284362792968, -2.969465648854962, 0.4961832061068702, -4.3893129770992365
1655208297.720692, 1.9009961181640624, -0.7876923461914062, 10.335768566894531, -0.6793893129770993, 16.946564885496183, 2.312977099236641
1655208297.7407563, 2.319981408691406, -0.7038952880859375, 10.213664282226562, -1.7328244274809161, 35.67175572519084, 7.244274809160306
1655208297.7608225, 3.6296097167968746, -0.8714894042968749, 10.47702646484375, -3.7022900763358777, 46.47328244274809, 0.7557251908396947
1655208297.7809207, 2.6982652709960937, -0.8930372192382812, 10.9941740234375, 5.755725190839694, 35.29770992366412, -4.4961832061068705
1655208297.800949, 1.4604630126953124, -0.842758984375, 10.223241088867187, 10.076335877862595, 10.801526717557252, -3.618320610687023
1655208297.8210123, 1.6304513305664061, -0.7757213378906249, 9.686939916992188, 0.9236641221374046, -9.885496183206106, -3.8091603053435112
1655208297.8410916, 2.1308394775390624, -0.6153098266601562, 9.677363110351562, -1.5954198473282444, -5.969465648854962, -4.480916030534351
1655208297.8611612, 1.5969325073242187, -0.7445967163085937, 9.631873278808593, -0.24427480916030533, 8.786259541984732, -1.7251908396946565
1655208297.8812606, 1.8818425048828125, -0.6967126831054687, 10.261548315429687, 3.0381679389312977, 29.083969465648856, 5.557251908396947
1655208297.901329, 2.786850732421875, -0.8834604125976562, 10.536881506347656, 2.3969465648854964, 13.534351145038167, -1.1526717557251909
1655208297.9213908, 2.482787121582031, -0.7493851196289062, 10.249577307128906, 2.9618320610687023, -5.526717557251908, -7.061068702290076
1655208297.941463, 1.9488801513671874, -0.5051765502929687, 9.801861596679688, -0.44274809160305345, -0.3816793893129771, -6.083969465648855
1655208297.9615304, 1.5921441040039062, -0.7062894897460937, 10.510545288085936, -4.33587786259542, 3.33587786259542, -2.6793893129770994
1655208297.9816222, 1.4053963745117186, -0.8810662109374999, 11.611878051757811, 4.297709923664122, 4.206106870229007, 0.29770992366412213
1655208298.0016944, 1.9033903198242186, -0.9050082275390624, 11.844115612792969, 24.84732824427481, -4.564885496183206, -0.6946564885496184
1655208298.0217683, 2.2194249389648437, -0.8714894042968749, 10.101136804199218, 31.87786259541985, -17.053435114503817, -3.6946564885496183
1655208298.0418336, 2.003946789550781, -0.4572925170898437, 8.398859423828124, 15.259541984732824, -21.80916030534351, -2.7557251908396947
1655208298.0618982, 2.7916391357421872, -0.10773907470703124, 8.540117321777343, -7.625954198473282, -19.16793893129771, -5.32824427480916
1655208298.082039, 2.940079638671875, -0.3064578125, 9.093177905273437, -17.900763358778626, -11.526717557251908, -7.564885496183206
1655208298.1021037, 2.422932080078125, -0.5123591552734374, 10.27830772705078, -26.106870229007633, 1.3511450381679388, -6.259541984732825
1655208298.1221776, 2.272097375488281, -0.928950244140625, 11.264718811035156, -23.244274809160306, -0.6641221374045801, -4.564885496183206
1655208298.1422548, 2.8514941772460936, -1.0079588989257813, 10.570400329589843, -23.48854961832061, -13.80916030534351, -8.748091603053435
1655208298.1623175, 1.6232687255859375, -0.24899697265624998, 10.639832177734375, -12.389312977099237, 1.6717557251908397, -4.412213740458015
1655208298.1824198, 2.061407629394531, -0.6057330200195312, 9.394847314453125, -6.114503816793893, 26.34351145038168, -0.916030534351145
1655208298.2024891, 3.323151904296875, -0.9361328491210937, 9.457096557617186, -26.106870229007633, 27.450381679389313, -8.251908396946565
1655208298.2225552, 1.9584569580078124, -1.0726023437499999, 11.283872424316405, -27.48854961832061, 12.15267175572519, -8.091603053435115
1655208298.242631, 1.5777788940429687, -1.3359645263671873, 11.362881079101562, -25.14503816793893, -8.801526717557252, -5.213740458015267
1655208298.2627296, 1.599326708984375, -0.833182177734375, 10.637437976074217, -12.083969465648854, 2.4732824427480917, 1.16793893129771
1655208298.282832, 3.057395520019531, -1.4341267944335936, 9.890447058105469, -21.702290076335878, -2.49618320610687, -5.251908396946565
1655208298.3028986, 3.153163586425781, -1.4317325927734375, 9.74200655517578, -37.12213740458015, -15.83206106870229, -9.893129770992367
1655208298.3229637, 2.636016027832031, -1.4939818359375, 10.848127722167968, -38.2442748091603, -9.267175572519085, -13.442748091603054
1655208298.3430262, 1.5825672973632812, -1.4604630126953124, 11.075576879882812, -26.419847328244273, 7.083969465648855, -8.893129770992367
1655208298.3630872, 0.41419688720703124, -1.4221557861328125, 9.516951599121093, -21.862595419847327, 19.480916030534353, 0.19083969465648856
1655208298.3831923, 1.0917559570312498, -1.4173673828125, 9.081206896972656, -38.900763358778626, 22.84732824427481, 6.709923664122138
1655208298.4032607, 1.47482822265625, -1.5753846923828123, 9.830592016601562, -48.045801526717554, 24.206106870229007, 7.587786259541985
1655208298.4233239, 1.484405029296875, -2.003946789550781, 10.66137999267578, -46.69465648854962, 20.213740458015266, 9.961832061068701
1655208298.4433334, 1.7980454467773437, -2.375048046875, 10.601524951171875, -45.16030534351145, 10.267175572519085, 10.82442748091603
1655208298.4634297, 2.990357873535156, -2.224213342285156, 9.68454571533203, -50.916030534351144, 13.244274809160306, 4.900763358778626
1655208298.4835336, 2.4516625, -2.224213342285156, 9.557653027343749, -52.6412213740458, 4.977099236641221, -2.2595419847328246
1655208298.503599, 1.5155296508789062, -2.5234885498046875, 9.423577734375, -62.61068702290076, 0.22137404580152673, 2.198473282442748
1655208298.5239227, 1.3359645263671873, -2.896984008789062, 11.81777939453125, -55.595419847328245, 2.351145038167939, 10.557251908396946
1655208298.5440078, 2.1356278808593747, -2.8802245971679685, 11.068394274902342, -27.580152671755727, 18.290076335877863, 12.625954198473282
1655208298.5640805, 2.3870190551757813, -2.8993782104492185, 9.165003955078124, -28.68702290076336, 17.64885496183206, 10.908396946564885
1655208298.5841842, 2.281674182128906, -3.0837317382812497, 9.05965908203125, -41.343511450381676, 18.770992366412212, 10.19083969465649
1655208298.6042542, 2.2481553588867187, -3.3590649291992185, 10.448296044921875, -38.969465648854964, 21.404580152671755, 8.778625954198473
1655208298.6243265, 2.0302830078125, -3.361459130859375, 10.05564697265625, -24.053435114503817, 17.47328244274809, 4.916030534351145
1655208298.6443927, 1.1324573852539062, -2.9640216552734375, 7.999027746582031, -27.229007633587788, 26.290076335877863, 8.320610687022901
1655208298.6644602, 1.2018892333984375, -3.258508459472656, 8.494627490234375, -41.06870229007634, 21.83969465648855, 11.045801526717558
1655208298.6845622, 1.455674609375, -3.6056677001953124, 9.852139831542969, -42.458015267175576, 13.687022900763358, 9.755725190839694
1655208298.7046297, 1.369483349609375, -4.060566015625, 10.211270080566406, -37.916030534351144, 4.061068702290076, 6.961832061068702
1655208298.7246966, 1.369483349609375, -4.029441394042968, 9.423577734375, -35.229007633587784, 9.19083969465649, 9.091603053435115
1655208298.7447636, 0.9433154541015625, -3.900154504394531, 9.119514123535156, -34.213740458015266, 16.786259541984734, 12.183206106870228
1655208298.7648346, 0.7781155395507812, -3.9408559326171875, 8.623914379882812, -38.13740458015267, 13.84732824427481, 12.961832061068701
1655208298.7849362, 0.9576806640625, -4.101267443847656, 8.410830432128906, -45.44274809160305, 2.763358778625954, 12.236641221374045
1655208298.8050342, 1.6232687255859375, -4.589684582519531, 9.181763366699219, -53.80152671755725, 6.480916030534351, 9.435114503816793
1655208298.8251061, 1.649604943847656, -4.7189714721679685, 11.068394274902342, -40.64885496183206, -0.015267175572519083, 4.603053435114504
1655208298.845172, 1.0199299072265624, -4.656722229003906, 9.91438907470703, -22.297709923664122, -2.984732824427481, 5.145038167938932
1655208298.8652408, 0.7493851196289062, -4.335899206542969, 7.726088757324218, -24.938931297709924, 2.213740458015267, 9.206106870229007
1655208298.885347, 1.4915876342773438, -4.632780212402343, 7.3932947265625, -38.74045801526717, 11.076335877862595, 9.19083969465649
1655208298.9054132, 2.0087351928710935, -5.054159704589844, 9.404424121093749, -42.847328244274806, 6.259541984732825, 3.5419847328244276
1655208298.925489, 1.8842367065429686, -5.413289953613281, 10.570400329589843, -26.015267175572518, -1.6259541984732824, -4.305343511450381
1655208298.9455657, 1.2928688964843749, -5.432443566894531, 10.09395419921875, -17.412213740458014, -4.129770992366412, -7.32824427480916
1655208298.9656315, 1.0295067138671874, -4.912901806640625, 8.662221606445312, -14.251908396946565, 0.09923664122137404, -4.893129770992366
1655208298.9857314, 0.51714755859375, -4.733336682128906, 7.644685900878906, -18.106870229007633, 4.801526717557252, 0.549618320610687
1655208299.0058029, 1.2593500732421874, -4.65432802734375, 6.617573388671874, -31.412213740458014, 10.793893129770993, 1.1221374045801527
1655208299.0258694, 1.5322890624999999, -5.370194323730469, 8.33182177734375, -50.083969465648856, 9.076335877862595, -1.618320610687023
1655208299.0459454, 1.0079588989257813, -5.686228942871093, 10.94868419189453, -33.32824427480916, -1.251908396946565, -4.396946564885496
1655208299.06602, 0.9864110839843749, -5.805939025878906, 10.213664282226562, -10.603053435114504, -9.473282442748092, -5.129770992366412
1655208299.0861216, 0.3591302490234375, -5.487510205078125, 7.654262707519531, -10.412213740458014, -5.374045801526718, 1.4198473282442747
1655208299.106191, 0.8044517578125, -5.3199160888671875, 6.294356164550781, -29.557251908396946, 9.045801526717558, 5.984732824427481
1655208299.1262589, 1.1468225952148436, -5.95677373046875, 8.147468249511718, -44.18320610687023, 9.282442748091603, 7.740458015267175
1655208299.1463246, 1.5275006591796874, -6.105214233398437, 10.01015714111328, -33.17557251908397, 2.9389312977099236, -0.19083969465648856
1655208299.1664019, 1.5107412475585937, -6.366182214355469, 9.794678991699218, -17.65648854961832, -5.893129770992366, -2.1526717557251906
1655208299.1865132, 0.9983820922851562, -6.045359191894531, 8.779537487792968, -7.977099236641221, -13.854961832061068, -5.8396946564885495
1655208299.2065883, 0.6560112548828124, -5.961562133789062, 7.5465236328125, -9.595419847328245, -0.8931297709923665, -1.9465648854961832
1655208299.2266598, 0.5746083984375, -5.7149593627929685, 6.957550024414062, -16.129770992366414, 5.748091603053435, 5.9465648854961835
1655208299.2467272, 1.4820108276367188, -6.007051965332031, 6.536170532226562, -29.38167938931298, 3.854961832061069, 1.5725190839694656
1655208299.2667987, 1.3527239379882812, -6.1650692749023435, 7.766790185546874, -37.31297709923664, 4.6183206106870225, -0.3511450381679389
1655208299.2869084, 1.7094599853515624, -6.8402341430664055, 10.12507882080078, -28.47328244274809, 1.7404580152671756, -7.427480916030534
1655208299.3069878, 1.3144167114257812, -6.751648681640624, 9.227253198242186, -8.282442748091603, -14.244274809160306, -12.977099236641221
1655208299.3270626, 0.8499415893554687, -6.56968935546875, 7.40526573486328, -10.84732824427481, -10.488549618320612, -9.435114503816793
1655208299.347175, 0.38786066894531246, -6.110002636718749, 7.225700610351562, -13.65648854961832, 2.66412213740458, 0.5419847328244275
1655208299.3671987, 0.7254431030273437, -6.143521459960938, 6.828263134765624, -16.69465648854962, 6.549618320610687, 6.732824427480916
1655208299.3872507, 1.4628572143554686, -6.323086584472656, 6.845022546386718, -26.49618320610687, 7.557251908396947, 4.709923664122138
1655208299.407318, 1.5466542724609373, -6.998251452636718, 9.600748657226562, -27.099236641221374, 1.8549618320610688, 0.29770992366412213
1655208299.4273927, 1.426944189453125, -6.998251452636718, 10.536881506347656, 3.5572519083969465, -0.6030534351145038, -4.190839694656488
1655208299.4474661, 0.8978256225585937, -6.665457421875, 7.809885815429687, 19.221374045801525, -10.465648854961833, -1.0916030534351144
1655208299.4675453, 1.218648645019531, -6.490680700683593, 5.006275671386718, -3.946564885496183, -10.84732824427481, -1.5954198473282444
1655208299.4876525, 1.2282254516601563, -6.423643054199219, 6.110002636718749, -29.46564885496183, -4.320610687022901, -1.702290076335878
1655208299.5077164, 0.9864110839843749, -6.622361791992187, 8.702923034667968, -28.610687022900763, 5.061068702290076, 0.9007633587786259
1655208299.52782, 0.948103857421875, -6.969521032714844, 9.947907897949218, -9.358778625954198, 7.732824427480916, 2.450381679389313
1655208299.5478845, 1.0989385620117187, -6.823474731445312, 8.530540515136718, 9.114503816793894, 3.404580152671756, 2.931297709923664
1655208299.5679448, 0.9959878906249999, -6.64630380859375, 6.1818286865234375, 1.4580152671755726, 2.4885496183206106, 3.7557251908396947
1655208299.5880504, 1.1156979736328125, -6.37815322265625, 6.880935571289062, -13.374045801526718, 5.938931297709924, 5.473282442748092
1655208299.6081212, 1.5849614990234373, -6.68461103515625, 8.085219006347655, -13.67175572519084, 6.320610687022901, 0.7557251908396947
1655208299.6281881, 1.4915876342773438, -6.8210805297851556, 8.180987072753906, -6.290076335877862, 2.4198473282442747, -3.312977099236641
1655208299.64826, 0.6153098266601562, -6.938396411132812, 8.240842114257813, -2.099236641221374, 1.534351145038168, -0.916030534351145
1655208299.6683254, 0.4836287353515625, -6.636727001953124, 7.812280017089844, 2.7786259541984735, -0.15267175572519084, 2.687022900763359
1655208299.6884298, 1.2617442749023438, -6.818686328125, 6.809109521484374, -1.9923664122137406, -2.7404580152671754, 1.3511450381679388
1655208299.7085054, 1.6112977172851561, -6.864176159667968, 7.141903552246093, -12.290076335877863, 3.4580152671755724, -1.2061068702290076
1655208299.7288513, 1.2234370483398436, -6.809109521484374, 8.425195642089843, -8.564885496183207, 4.854961832061068, -0.1450381679389313
1655208299.7489197, 1.0271125122070313, -6.940790612792968, 8.961496813964843, 2.045801526717557, 0.9770992366412213, 1.0610687022900764
1655208299.7689855, 1.446097802734375, -6.744466076660156, 7.505822204589843, 6.809160305343512, -1.1068702290076335, -1.2442748091603053
1655208299.7890975, 1.4724340209960938, -6.715735656738281, 6.8785413696289055, -1.4351145038167938, -3.732824427480916, -3.717557251908397
1655208299.8091743, 1.3335703247070312, -6.72291826171875, 7.062894897460937, -6.190839694656488, -4.427480916030534, -4.33587786259542
1655208299.8292432, 1.005564697265625, -6.495469104003906, 7.613561279296874, -4.847328244274809, 3.1755725190839694, -1.6717557251908397
1655208299.8493097, 1.0438719238281249, -6.83783994140625, 7.941566906738281, -2.4732824427480917, 6.404580152671755, -0.183206106870229
1655208299.869369, 0.8667010009765624, -6.888118176269531, 8.183381274414062, 4.465648854961832, 1.702290076335878, 1.0076335877862594
1655208299.8894734, 1.0438719238281249, -6.9360022094726554, 7.970297326660156, 8.816793893129772, -1.1145038167938932, 0.2900763358778626
1655208299.9095445, 1.4508862060546874, -6.653486413574218, 7.0102224609374995, 8.0, 1.2595419847328244, -1.8702290076335877
1655208299.9296033, 0.9983820922851562, -6.68461103515625, 7.323862878417969, 2.2442748091603053, 1.2061068702290076, -2.8396946564885495
1655208299.9496636, 0.8714894042968749, -6.679822631835937, 8.480262280273436, 9.045801526717558, 5.038167938931298, 0.2366412213740458
1655208299.969735, 1.1061211669921875, -6.687005236816406, 8.511386901855468, 22.786259541984734, 2.2442748091603053, -0.2366412213740458
1655208299.9898357, 1.7884686401367187, -6.6151791870117185, 7.568071447753906, 27.862595419847327, -6.068702290076335, -3.9236641221374047
1655208300.00994, 1.426944189453125, -6.457161877441406, 7.0652890991210935, 22.557251908396946, -10.030534351145038, -9.679389312977099
1655208300.0300155, 0.8978256225585937, -6.392518432617187, 7.920019091796875, 25.33587786259542, -13.15267175572519, -6.00763358778626
1655208300.0500858, 1.3215993164062498, -6.1626750732421876, 8.360552197265624, 34.38931297709924, -8.511450381679388, -2.9160305343511452
1655208300.0701616, 1.3455413330078123, -6.021417175292968, 7.6279264892578125, 38.74809160305343, -0.25190839694656486, -0.916030534351145
1655208300.0902615, 1.1851298217773436, -6.227318518066406, 7.716511950683593, 33.67175572519084, 7.6183206106870225, 1.7251908396946565
1655208300.1103256, 1.8315642700195311, -6.1459156616210935, 8.319850769042969, 38.717557251908396, 5.015267175572519, 0.5954198473282443
1655208300.1303933, 1.0749965454101562, -5.899312890625, 8.317456567382813, 45.38167938931298, 1.4885496183206106, 5.847328244274809
1655208300.1504626, 1.8028338500976562, -6.019022973632812, 7.704540942382812, 38.69465648854962, -4.2748091603053435, 1.5114503816793894
1655208300.1705275, 1.3215993164062498, -5.791573815917968, 8.722076647949219, 36.66412213740458, -10.129770992366412, 1.8244274809160306
1655208300.1906307, 1.4796166259765624, -5.892130285644531, 9.253589416503905, 49.656488549618324, -11.717557251908397, 0.2900763358778626
1655208300.210705, 1.5849614990234373, -5.793968017578124, 8.066065393066406, 51.412213740458014, -11.389312977099237, -0.12213740458015267
1655208300.230775, 0.9193734375, -5.310339282226562, 7.936778503417968, 44.62595419847328, -4.778625954198473, 3.3740458015267176
1655208300.2508464, 0.8403647827148437, -5.080495922851562, 8.971073620605468, 44.45038167938932, -12.763358778625955, 7.259541984732825
1655208300.2709067, 1.6352397338867186, -4.987122058105468, 8.44674345703125, 52.038167938931295, 2.282442748091603, 8.19083969465649
1655208300.2909997, 2.185906115722656, -5.202600207519531, 8.212111694335936, 41.29007633587786, 1.083969465648855, 4.068702290076335
1655208300.3110662, 1.407790576171875, -5.209782812499999, 9.313444458007812, 37.54961832061068, -11.358778625954198, 0.648854961832061
1655208300.3311362, 0.8690952026367187, -4.6639048339843745, 9.157821350097656, 37.541984732824424, -13.51908396946565, 4.740458015267175
1655208300.351203, 1.429338391113281, -4.826710546875, 9.344569079589844, 34.93129770992366, -8.389312977099237, 5.8320610687022905
1655208300.3712714, 1.6711527587890624, -4.582501977539062, 10.608707556152343, 42.41984732824427, -11.755725190839694, 4.229007633587786
1655208300.391377, 0.82360537109375, -4.460397692871093, 10.93671318359375, 63.06106870229008, -15.83969465648855, 9.625954198473282
1655208300.4114416, 1.7262193969726563, -4.678270043945313, 10.244788903808594, 65.41221374045801, -22.137404580152673, 4.358778625954199
1655208300.431517, 2.4253262817382812, -4.1754876953124995, 8.908824377441405, 63.603053435114504, -22.14503816793893, -1.3587786259541985
1655208300.4515827, 1.2665326782226562, -3.5793314819335937, 8.336610180664062, 60.05343511450382, -9.412213740458014, 3.5877862595419847
1655208300.4716434, 1.216254443359375, -3.737348791503906, 8.901641772460938, 51.11450381679389, 7.129770992366412, 11.98473282442748
1655208300.4917405, 1.8722656982421875, -3.3542765258789062, 10.172962854003906, 53.083969465648856, 10.022900763358779, 12.80916030534351
1655208300.5118167, 1.9728221679687499, -3.1794998046874996, 9.93354268798828, 65.46564885496183, -0.3816793893129771, 10.50381679389313
1655208300.531885, 1.8938135131835936, -2.6791116577148437, 8.29351455078125, 59.81679389312977, -8.610687022900763, 6.877862595419847
1655208300.5519521, 1.438915197753906, -2.375048046875, 7.541735229492187, 38.10687022900763, -8.603053435114504, 9.648854961832061
1655208300.5720809, 1.7094599853515624, -2.5139117431640625, 9.368511096191405, 21.72519083969466, 0.13740458015267176, 11.297709923664122
1655208300.5921772, 1.608903515625, -2.3056161987304686, 11.245565197753905, 34.89312977099237, 15.740458015267176, 11.938931297709924
1655208300.6122415, 0.8164227661132812, -2.384624853515625, 11.008539233398437, 47.465648854961835, 26.50381679389313, 17.9618320610687
1655208300.6322985, 1.7884686401367187, -2.157175695800781, 9.9215716796875, 41.74045801526717, 29.900763358778626, 17.862595419847327
1655208300.652361, 2.35589443359375, -2.250549560546875, 10.273519323730468, 33.404580152671755, 6.2748091603053435, 8.274809160305344
1655208300.6724262, 1.8100164550781248, -2.0638018310546875, 10.137049829101562, 32.38931297709924, 4.541984732824427, 0.022900763358778626
1655208300.6925259, 0.59376201171875, -1.7238251953125, 9.931148486328125, 27.061068702290076, 15.068702290076336, 9.206106870229007
1655208300.7125819, 1.2018892333984375, -1.8076222534179687, 10.383652600097655, 22.435114503816795, 23.755725190839694, 11.412213740458014
1655208300.7326465, 1.3862427612304686, -1.838746875, 11.133037719726563, 26.244274809160306, 24.53435114503817, 9.412213740458014
1655208300.7527404, 1.0606313354492187, -1.7669208251953124, 10.031704956054687, 23.12213740458015, 19.633587786259543, 8.068702290076336
1655208300.7727988, 1.2497732666015624, -1.465251416015625, 10.065223779296874, 15.603053435114504, 5.732824427480916, 3.6030534351145036
1655208300.792901, 1.7549498168945312, -1.5849614990234373, 9.835380419921874, 11.908396946564885, -4.877862595419847, -2.885496183206107
1655208300.8129702, 1.455674609375, -1.6807295654296874, 10.237606298828124, 5.893129770992366, 1.213740458015267, -4.778625954198473
1655208300.833027, -0.09576806640624999, -1.4245499877929686, 10.369287390136718, 10.557251908396946, 13.427480916030534, 2.2595419847328246
1655208300.8530858, 0.6655880615234374, -1.5155296508789062, 10.321403356933594, 7.6183206106870225, 15.82442748091603, 8.80916030534351
1655208300.8731406, 1.5059528442382812, -1.5634136840820312, 11.051634863281249, 10.763358778625955, 0.7786259541984732, 3.366412213740458
1655208300.8932388, 1.3862427612304686, -1.3335703247070312, 10.436325036621094, 15.15267175572519, -6.213740458015267, -1.816793893129771
1655208300.913306, 1.0462661254882812, -1.1923124267578125, 9.789890588378906, 11.435114503816793, -0.7099236641221374, -1.1908396946564885
1655208300.9336145, 1.0127473022460938, -1.0893617553710937, 9.162609753417968, 5.435114503816794, 4.015267175572519, 0.05343511450381679
1655208300.9536808, 0.4285620971679687, -1.0510545288085937, 10.156203442382813, 0.33587786259541985, 6.923664122137405, 6.748091603053435
1655208300.9737453, 1.189918225097656, -1.3311761230468748, 11.044452258300781, 5.083969465648855, 0.16030534351145037, 5.320610687022901
1655208300.9938524, 1.6998831787109374, -1.4245499877929686, 10.943895788574219, 15.49618320610687, -4.511450381679389, -0.9618320610687023
1655208301.0140257, 1.139639990234375, -1.1875240234375, 9.713276135253906, 15.877862595419847, -1.6717557251908397, -0.1297709923664122
1655208301.0342782, 0.9193734375, -1.0654197387695312, 9.605537060546874, 9.450381679389313, 4.206106870229007, 3.8091603053435112
1655208301.0544226, 1.1013327636718748, -1.0893617553710937, 10.177751257324218, 4.267175572519084, 1.5877862595419847, 3.6259541984732824
1655208301.0744953, 1.6807295654296874, -1.2689268798828124, 10.330980163574218, 3.114503816793893, -1.4809160305343512, 0.07633587786259542
1655208301.0946774, 0.70868369140625, -1.120486376953125, 11.353304272460937, 12.977099236641221, 6.4961832061068705, 3.435114503816794
1655208301.1147435, 1.0079588989257813, -1.177947216796875, 11.118672509765624, 23.374045801526716, 7.4961832061068705, 5.33587786259542
1655208301.1348464, 1.2976572998046874, -0.8714894042968749, 10.223241088867187, 23.900763358778626, 1.5877862595419847, 3.1755725190839694
1655208301.154949, 1.5107412475585937, -0.7398083129882812, 9.528922607421874, 20.641221374045802, -3.282442748091603, -0.22137404580152673
1655208301.1750493, 1.0079588989257813, -0.6081272216796875, 9.775525378417969, 15.099236641221374, -5.595419847328245, 1.3282442748091603
1655208301.195201, 1.5298948608398437, -0.6081272216796875, 10.682927807617187, 15.610687022900763, 4.885496183206107, 0.4351145038167939
1655208301.2152839, 1.608903515625, -0.7206546997070312, 11.200075366210937, 21.49618320610687, 10.557251908396946, -2.6030534351145036
1655208301.2353835, 0.9624690673828125, -0.6153098266601562, 11.274295617675781, 32.534351145038165, 6.66412213740458, -3.0
1655208301.2555768, 1.0462661254882812, -0.2657563842773437, 10.644620581054687, 38.267175572519086, -3.3053435114503817, -5.32824427480916
1655208301.2757316, 0.40940848388671874, -0.14604630126953125, 9.82580361328125, 37.916030534351144, -12.34351145038168, -5.6106870229007635
1655208301.2959068, 0.4477157104492187, -0.016759411621093748, 9.337386474609374, 27.99236641221374, -7.961832061068702, 0.8091603053435115
1655208301.3160896, 1.2306196533203124, -0.0718260498046875, 10.28549033203125, 25.931297709923665, -4.66412213740458, -1.282442748091603
1655208301.336193, 1.618480322265625, -0.16998831787109375, 11.626243261718749, 33.14503816793893, -14.229007633587786, -6.801526717557252
1655208301.3563428, 1.1635820068359375, -0.023942016601562498, 11.427524523925781, 52.12213740458015, -7.129770992366412, -5.198473282442748
1655208301.3765304, -0.03591302490234375, 0.3902548706054687, 9.394847314453125, 52.465648854961835, -2.7251908396946565, 6.175572519083969
1655208301.396811, 1.2018892333984375, 0.3591302490234375, 9.6151138671875, 36.45038167938932, -5.694656488549619, 7.221374045801527
1655208301.4169564, 2.4301146850585935, 0.6177040283203125, 10.244788903808594, 33.908396946564885, -10.679389312977099, -0.22900763358778625
1655208301.4371982, 2.750937707519531, 0.4429273071289062, 10.603919152832031, 38.42748091603053, -8.740458015267176, -10.702290076335878
1655208301.457512, 0.4477157104492187, 0.6177040283203125, 10.570400329589843, 43.74045801526717, 1.0, -2.0229007633587788
1655208301.477635, 0.6631938598632812, 0.8667010009765624, 10.498574279785156, 41.030534351145036, 7.6106870229007635, 6.175572519083969
1655208301.497825, 2.77727392578125, 0.9504980590820312, 11.180921752929686, 43.52671755725191, -12.320610687022901, -7.717557251908397
1655208301.5178933, 2.9041666137695312, 1.446097802734375, 9.682151513671874, 47.83206106870229, -17.6793893129771, -20.66412213740458
1655208301.537962, 1.2114660400390624, 1.7381904052734374, 8.8489693359375, 41.213740458015266, -1.5954198473282444, -13.83969465648855
1655208301.5580275, 1.1731588134765625, 1.429338391113281, 10.206481677246094, 30.893129770992367, -0.7480916030534351, -10.65648854961832
1655208301.578092, 1.6136919189453125, 1.62805712890625, 10.984597216796875, 33.50381679389313, -6.900763358778626, -13.17557251908397
1655208301.5981922, 2.4444798950195312, 1.5849614990234373, 10.730811840820312, 40.88549618320611, -8.106870229007633, -21.17557251908397
1655208301.6182606, 2.1595698974609374, 1.7956512451171873, 10.613495959472656, 47.091603053435115, 3.8702290076335877, -26.091603053435115
1655208301.6383235, 1.0438719238281249, 2.042254016113281, 10.398017810058594, 52.717557251908396, 14.022900763358779, -18.33587786259542
1655208301.6583867, 0.5985504150390625, 2.7246014892578123, 8.755595471191405, 50.786259541984734, 19.404580152671755, -11.549618320610687
1655208301.6784503, 0.7254431030273437, 2.7269956909179687, 8.94473740234375, 37.030534351145036, 20.557251908396946, -2.885496183206107
1655208301.6985445, 1.1085153686523437, 2.6671406494140624, 10.455478649902343, 32.725190839694655, 19.31297709923664, -1.9770992366412214
1655208301.718601, 1.0271125122070313, 2.940079638671875, 10.153809240722655, 37.16793893129771, 22.358778625954198, 0.4351145038167939
1655208301.738662, 0.20829554443359374, 3.0430303100585934, 9.91438907470703, 39.62595419847328, 24.419847328244273, 4.0534351145038165
1655208301.7587192, 0.8547299926757812, 2.808398547363281, 10.058041174316406, 35.229007633587784, 10.435114503816793, 6.00763358778626
1655208301.7787771, 0.36152445068359373, 3.1771056030273437, 9.708487731933593, 39.045801526717554, 21.480916030534353, 11.793893129770993
1655208301.7988672, 1.8602946899414061, 3.296815686035156, 9.191340173339842, 34.57251908396947, 18.022900763358777, 4.755725190839694
1655208301.818924, 1.9512743530273435, 3.361459130859375, 8.892064965820312, 31.290076335877863, 38.213740458015266, -0.6793893129770993
1655208301.8389876, 1.5873557006835937, 3.4739866088867184, 9.035717065429687, 24.38167938931298, 39.98473282442748, -2.0076335877862594
1655208301.8590548, 1.3168109130859373, 3.746925598144531, 8.710105639648438, 16.755725190839694, 16.251908396946565, -12.885496183206106
1655208301.8791175, -0.0526724365234375, 3.5434184570312497, 8.322244970703125, 9.038167938931299, -2.549618320610687, -10.816793893129772
1655208301.8992124, -0.8164227661132812, 3.507505432128906, 9.672574707031249, 0.015267175572519083, 10.045801526717558, 2.3969465648854964
1655208301.9192796, 0.1484405029296875, 3.6200329101562496, 11.544840405273437, 8.198473282442748, -0.9389312977099237, 3.564885496183206
1655208301.939341, 0.699106884765625, 3.8043864379882812, 10.656591589355468, 23.938931297709924, -11.32824427480916, 1.1755725190839694
1655208301.9594002, 1.2234370483398436, 4.405331054687499, 8.051700183105469, 14.114503816793894, -1.8091603053435115, 0.6183206106870229
1655208301.9794626, 0.5746083984375, 4.448426684570312, 9.983820922851562, -7.633587786259542, 1.5725190839694656, 2.801526717557252
1655208301.999559, -0.49320554199218747, 4.261678955078125, 11.372457885742186, 3.6030534351145036, -13.549618320610687, 5.847328244274809
1655208302.0196235, 0.5722141967773438, 3.6463691284179687, 10.857704528808593, 14.748091603053435, -18.114503816793892, 6.488549618320611
1655208302.039692, 1.1755530151367186, 3.763685009765625, 8.894459167480468, 18.580152671755727, -6.633587786259542, 6.106870229007634
1655208302.0597513, 1.3670891479492187, 3.9695863525390624, 8.334215979003906, 13.297709923664122, -5.183206106870229, 5.816793893129771
1655208302.0798168, 2.6671406494140624, 4.122815258789062, 8.037334973144532, 6.572519083969466, -13.801526717557252, -6.717557251908397
1655208302.0999439, 2.212242333984375, 3.7612908081054686, 8.892064965820312, -3.984732824427481, -0.2595419847328244, -10.419847328244275
1655208302.1200068, 1.7190367919921874, 3.5817256835937497, 10.86009873046875, -1.5725190839694656, -5.786259541984733, -12.694656488549619
1655208302.140368, 1.2234370483398436, 3.938461730957031, 10.24718310546875, 17.480916030534353, -11.389312977099237, -13.679389312977099
1655208302.1604426, 0.5746083984375, 4.446032482910156, 8.391676818847655, 18.68702290076336, -2.5877862595419847, -11.587786259541986
1655208302.1805046, -0.0718260498046875, 4.565742565917969, 7.888894470214844, 0.8244274809160306, 9.412213740458014, -2.5343511450381677
1655208302.2006278, 0.22744915771484372, 4.2497079467773435, 9.765948571777344, -12.587786259541986, 6.190839694656488, 1.2595419847328244
1655208302.2206953, 0.32082302246093747, 3.9432501342773434, 11.118672509765624, -1.5267175572519085, -5.816793893129771, 0.8931297709923665
1655208302.2407548, 0.26336218261718747, 4.031835595703125, 10.376469995117187, 8.67175572519084, 10.198473282442748, 3.5114503816793894
1655208302.2608166, 0.39743747558593745, 4.304774584960938, 9.662997900390625, 8.67175572519084, 11.83969465648855, 4.450381679389313
1655208302.2808814, 0.928950244140625, 4.355052819824219, 9.267954626464844, 9.954198473282442, -6.343511450381679, 1.3587786259541985
1655208302.3009865, 1.5466542724609373, 4.503493322753906, 7.587225061035156, 1.251908396946565, -8.335877862595419, -2.0610687022900764
1655208302.3210552, 1.3479355346679687, 4.000710974121094, 8.56166513671875, -17.206106870229007, 9.381679389312977, -0.29770992366412213
1655208302.3411212, 1.0965443603515623, 3.7110125732421873, 10.749965454101561, -12.458015267175572, 0.6183206106870229, -2.633587786259542
1655208302.361181, 0.9840168823242187, 4.072537023925781, 9.993397729492187, 1.5038167938931297, 2.7938931297709924, -2.8702290076335877
1655208302.381241, 1.0342951171875, 4.7189714721679685, 8.350975390624999, 0.6183206106870229, 14.404580152671755, -2.0610687022900764
1655208302.4013414, 1.0654197387695312, 4.448426684570312, 8.166621862792969, -12.954198473282442, 23.801526717557252, -7.809160305343512
1655208302.4214096, -0.086191259765625, 3.854664672851562, 10.934318981933593, -11.442748091603054, 23.96946564885496, -4.221374045801527
1655208302.4414742, -0.1197100830078125, 3.7038299682617186, 10.283096130371094, 9.465648854961833, 12.465648854961833, -0.31297709923664124
1655208302.461543, 1.1037269653320312, 4.431667272949219, 8.032546569824218, 5.419847328244275, 19.84732824427481, -2.8931297709923665
1655208302.481602, 1.1109095703125, 4.378994836425781, 7.175422375488281, -10.778625954198473, 43.221374045801525, -4.824427480916031
1655208302.5016947, 0.09816226806640624, 3.9145197143554684, 9.315838659667968, -21.862595419847327, 59.32824427480916, -2.045801526717557
1655208302.5217662, -0.5530605834960938, 3.883395092773437, 10.196904870605469, -5.99236641221374, 52.62595419847328, 1.984732824427481
1655208302.5418332, 0.08858546142578125, 3.995922570800781, 12.926294763183593, 49.29770992366412, 37.48091603053435, -3.480916030534351
1655208302.5618994, 0.031124621582031248, 4.771643908691406, 9.885658654785155, 74.40458015267176, 42.29770992366412, 2.015267175572519
1655208302.5819647, -0.23702596435546874, 5.291185668945312, 6.5026517089843745, 47.969465648854964, 22.061068702290076, 1.7251908396946565
1655208302.602058, 0.028730419921875, 4.759672900390624, 7.41244833984375, 23.114503816793892, 8.603053435114504, 2.435114503816794
1655208302.6221182, 0.00718260498046875, 4.1754876953124995, 9.854534033203125, 22.03053435114504, 5.229007633587786, 2.427480916030534
1655208302.6421828, 0.6751648681640625, 5.973533142089844, 9.56962403564453, 53.49618320610687, 72.83969465648855, 6.870229007633588
1655208302.6622462, -0.47644613037109373, 4.7955859252929685, 9.74200655517578, 58.58015267175573, 21.938931297709924, 0.04580152671755725
1655208302.6823227, -0.5578489868164063, 5.432443566894531, 8.1594392578125, 49.908396946564885, -4.572519083969466, -1.8625954198473282
1655208302.7024324, -0.17956512451171874, 5.755660791015624, 8.564059338378906, 52.412213740458014, -9.045801526717558, -4.778625954198473
1655208302.7225032, -0.7493851196289062, 5.487510205078125, 11.240776794433593, 21.801526717557252, -65.66412213740458, -0.4732824427480916
1655208302.742573, -1.2832920898437499, 5.307945080566406, 8.911218579101561, 10.213740458015268, -73.34351145038168, 8.076335877862595
1655208302.7626357, 0.18914193115234373, 5.384559533691406, 8.597578161621094, 27.27480916030534, -107.25954198473282, 14.793893129770993
1655208302.7827358, 0.8044517578125, 5.238513232421875, 7.943961108398437, 34.63358778625954, -92.6793893129771, 7.343511450381679
1655208302.802838, 1.3383587280273437, 5.214571215820312, 8.075642199707032, 54.88549618320611, -34.41984732824427, -2.984732824427481
1655208302.822905, 1.455674609375, 5.968744738769531, 7.8912886718749995, 30.763358778625953, -12.16030534351145, -8.129770992366412
1655208302.8429668, 0.7302315063476562, 5.753266589355468, 8.164227661132813, 8.465648854961833, 2.66412213740458, -11.374045801526718
1655208302.8630354, 0.15322890625, 5.434837768554687, 7.601590270996093, 14.206106870229007, -7.419847328244275, -8.923664122137405
1655208302.8831043, 0.7398083129882812, 5.9974751586914055, 8.099584216308592, 6.213740458015267, -8.702290076335878, -4.526717557251908
1655208302.9032054, 0.8188169677734375, 5.877765075683594, 8.336610180664062, 3.4732824427480917, -3.8091603053435112, -6.679389312977099
1655208302.9232736, 0.7685387329101562, 5.839457849121094, 8.834604125976561, 24.366412213740457, -1.213740458015267, -6.67175572519084
1655208302.9433362, 0.928950244140625, 5.983109948730468, 8.465897070312499, 36.29770992366412, -9.977099236641221, -1.633587786259542
1655208302.9634368, 0.8571241943359375, 6.8593877563476555, 7.931990100097655, 9.053435114503817, -18.53435114503817, -0.07633587786259542
1655208302.9835145, 0.5363011718749999, 6.155492468261718, 8.166621862792969, -11.450381679389313, -18.16793893129771, 4.091603053435114
1655208303.0036116, 1.1372457885742187, 5.566518859863281, 8.59997236328125, 0.42748091603053434, -15.618320610687023, 1.4427480916030535
1655208303.023686, 1.1707646118164061, 5.66946953125, 8.588001354980468, 22.984732824427482, 0.1450381679389313, -3.198473282442748
1655208303.0437536, 0.8667010009765624, 6.045359191894531, 7.7979148071289055, 21.954198473282442, 15.595419847328245, -5.748091603053435
1655208303.0638227, 0.5267243652343749, 6.6271501953125, 7.706935144042968, 7.419847328244275, -3.49618320610687, 1.0610687022900764
1655208303.0838842, 0.7829039428710937, 6.440402465820312, 7.860164050292968, -5.198473282442748, -5.122137404580153, 0.29770992366412213
1655208303.103987, 0.9337386474609375, 6.227318518066406, 7.706935144042968, -7.473282442748092, -4.1603053435114505, 0.19083969465648856
1655208303.1240568, 1.2641384765625, 6.050147595214844, 8.123526232910155, -3.984732824427481, 7.114503816793893, -1.465648854961832
1655208303.1441486, 1.465251416015625, 6.411672045898437, 8.55448253173828, 2.1908396946564888, 11.251908396946565, -2.931297709923664
1655208303.1642144, 0.7206546997070312, 6.533776330566406, 8.183381274414062, 4.824427480916031, 10.992366412213741, -2.282442748091603
1655208303.1842825, 0.23223756103515625, 6.641515405273437, 7.819462622070312, -5.717557251908397, 1.6412213740458015, 2.3435114503816794
1655208303.204378, 0.8188169677734375, 6.136338854980468, 7.45075556640625, -11.053435114503817, 5.732824427480916, 2.4732824427480917
1655208303.2244473, 1.2114660400390624, 6.222530114746093, 7.635109094238281, -13.65648854961832, 3.946564885496183, 1.4427480916030535
1655208303.2445214, 0.9600748657226562, 5.889736083984375, 8.319850769042969, -11.50381679389313, 14.549618320610687, -3.4198473282442747
1655208303.264587, 0.6751648681640625, 6.229712719726562, 8.312668164062499, -11.618320610687023, 16.251908396946565, -2.4427480916030535
1655208303.284654, 0.7924807495117187, 6.284779357910156, 7.951143713378905, -17.259541984732824, 11.786259541984732, 0.9007633587786259
1655208303.304752, 0.9121908325195311, 6.153098266601562, 7.941566906738281, -22.244274809160306, 3.068702290076336, 2.053435114503817
1655208303.3248534, 0.7589619262695312, 6.093243225097656, 8.219294299316406, -19.587786259541986, 3.877862595419847, 1.1755725190839694
1655208303.3449473, 0.6560112548828124, 6.1076084350585935, 8.415618835449218, -17.290076335877863, 4.984732824427481, -0.22900763358778625
1655208303.3652866, 0.8810662109374999, 6.193799694824218, 8.501810095214843, -20.015267175572518, 12.679389312977099, -2.4656488549618323
1655208303.3853722, 1.0366893188476562, 6.0908490234374995, 8.24802471923828, -23.0381679389313, 12.923664122137405, -1.4351145038167938
1655208303.4054425, 0.5003881469726562, 5.9208607055664055, 8.123526232910155, -27.282442748091604, 2.0, 3.16793893129771
1655208303.4254415, 0.63206923828125, 5.683834741210937, 8.489839086914062, -26.748091603053435, -3.50381679389313, 5.8396946564885495
1655208303.445509, 0.8164227661132812, 5.80354482421875, 8.908824377441405, -23.977099236641223, 3.66412213740458, 2.5267175572519083
1655208303.4655697, 0.6847416748046875, 5.7125651611328125, 8.650250598144531, -23.603053435114504, 7.8396946564885495, 0.3511450381679389
1655208303.4856389, 0.5698199951171875, 5.628768103027343, 8.674192614746094, -33.66412213740458, 7.809160305343512, 0.022900763358778626
1655208303.5057456, 0.5578489868164063, 5.537788439941406, 8.607154968261717, -37.908396946564885, 0.7786259541984732, 3.030534351145038
1655208303.5275123, 0.4860229370117187, 5.295974072265625, 8.712499841308594, -32.64885496183206, 4.366412213740458, 3.236641221374046
1655208303.5477548, 0.612915625, 5.269637854003906, 8.827421520996094, -36.17557251908397, 7.312977099236641, 3.5114503816793894
1655208303.5678782, 0.603338818359375, 5.1882349975585935, 8.966285217285156, -45.091603053435115, 15.442748091603054, 2.5572519083969465
1655208303.5879524, 0.6727706665039062, 4.912901806640625, 8.839392529296875, -52.01526717557252, 16.82442748091603, 1.450381679389313
1655208303.6080081, 0.9504980590820312, 4.601655590820312, 9.085995300292968, -42.6412213740458, 16.480916030534353, 3.1755725190839694
1655208303.6280634, 0.6919242797851562, 4.493916516113281, 9.392453112792968, -37.30534351145038, 13.931297709923664, 3.8473282442748094
1655208303.6481297, 0.229843359375, 4.589684582519531, 9.227253198242186, -39.89312977099237, 2.198473282442748, 5.152671755725191
1655208303.66815, 0.5386953735351562, 4.273649963378906, 9.009380847167968, -47.847328244274806, 0.08396946564885496, 6.793893129770993
1655208303.688207, 0.44532150878906246, 4.244919543457031, 8.815450512695312, -51.595419847328245, -5.152671755725191, 7.244274809160306
1655208303.7083428, 0.9504980590820312, 4.012681982421875, 9.006986645507812, -53.42748091603053, 15.870229007633588, 3.4198473282442747
1655208303.7283723, 0.6703764648437499, 3.7158009765625, 10.079588989257813, -53.48854961832061, 13.83206106870229, 2.5114503816793894
1655208303.7484255, 0.42377369384765623, 4.0222587890625, 9.854534033203125, -56.67175572519084, 5.33587786259542, -0.6793893129770993
